#N.Dex,Pokémon,HP,Attack,Defense,Sp. Attack,Sp. Defense,Speed,Total,Average
001, Bulbasaur,45.0,49.0,49.0,65.0,65.0,45.0,318.0,53.0
002, Ivysaur,60.0,62.0,63.0,80.0,80.0,60.0,405.0,67.5
003, Venusaur,80.0,82.0,83.0,100.0,100.0,80.0,525.0,87.5
003, Venusaur (Mega Venusaur),80.0,100.0,123.0,122.0,120.0,80.0,625.0,104.17
004, Charmander,39.0,52.0,43.0,60.0,50.0,65.0,309.0,51.5
005, Charmeleon,58.0,64.0,58.0,80.0,65.0,80.0,405.0,67.5
006, Charizard,78.0,84.0,78.0,109.0,85.0,100.0,534.0,89.0
006, Charizard (Mega Charizard X),78.0,130.0,111.0,130.0,85.0,100.0,634.0,105.67
006, Charizard (Mega Charizard Y),78.0,104.0,78.0,159.0,115.0,100.0,634.0,105.67
007, Squirtle,44.0,48.0,65.0,50.0,64.0,43.0,314.0,52.33
008, Wartortle,59.0,63.0,80.0,65.0,80.0,58.0,405.0,67.5
009, Blastoise,79.0,83.0,100.0,85.0,105.0,78.0,530.0,88.33
009, Blastoise (Mega Blastoise),79.0,103.0,120.0,135.0,115.0,78.0,630.0,105.0
010, Caterpie,45.0,30.0,35.0,20.0,20.0,45.0,195.0,32.5
011, Metapod,50.0,20.0,55.0,25.0,25.0,30.0,205.0,34.17
012, Butterfree,60.0,45.0,50.0,90.0,80.0,70.0,395.0,65.83
013, Weedle,40.0,35.0,30.0,20.0,20.0,50.0,195.0,32.5
014, Kakuna,45.0,25.0,50.0,25.0,25.0,35.0,205.0,34.17
015, Beedrill,65.0,90.0,40.0,45.0,80.0,75.0,395.0,65.83
015, Beedrill (Mega Beedrill),65.0,150.0,40.0,15.0,80.0,145.0,495.0,82.5
016, Pidgey,40.0,45.0,40.0,35.0,35.0,56.0,251.0,41.83
017, Pidgeotto,63.0,60.0,55.0,50.0,50.0,71.0,349.0,58.17
018, Pidgeot,83.0,80.0,75.0,70.0,70.0,101.0,479.0,79.83
018, Pidgeot (Mega Pidgeot),83.0,80.0,80.0,135.0,80.0,121.0,579.0,96.5
019, Rattata,30.0,56.0,35.0,25.0,35.0,72.0,253.0,42.17
019, Rattata (Alolan Rattata),30.0,56.0,35.0,25.0,35.0,72.0,253.0,42.17
020, Raticate,55.0,81.0,60.0,50.0,70.0,97.0,413.0,68.83
020, Raticate (Alolan Raticate),75.0,71.0,70.0,40.0,80.0,77.0,413.0,68.83
021, Spearow,40.0,60.0,30.0,31.0,31.0,70.0,262.0,43.67
022, Fearow,65.0,90.0,65.0,61.0,61.0,100.0,442.0,73.67
023, Ekans,35.0,60.0,44.0,40.0,54.0,55.0,288.0,48.0
024, Arbok,60.0,95.0,69.0,65.0,79.0,80.0,448.0,74.67
025, Pikachu,35.0,55.0,40.0,50.0,50.0,90.0,320.0,53.33
025, Pikachu (Partner Pikachu),45.0,80.0,50.0,75.0,60.0,120.0,430.0,71.67
026, Raichu,60.0,90.0,55.0,90.0,80.0,110.0,485.0,80.83
026, Raichu (Alolan Raichu),60.0,85.0,50.0,95.0,85.0,110.0,485.0,80.83
027, Sandshrew,50.0,75.0,85.0,20.0,30.0,40.0,300.0,50.0
027, Sandshrew (Alolan Sandshrew),50.0,75.0,90.0,10.0,35.0,40.0,300.0,50.0
028, Sandslash,75.0,100.0,110.0,45.0,55.0,65.0,450.0,75.0
028, Sandslash (Alolan Sandslash),75.0,100.0,120.0,25.0,65.0,65.0,450.0,75.0
029, Nidoran♀,55.0,47.0,52.0,40.0,40.0,41.0,275.0,45.83
030, Nidorina,70.0,62.0,67.0,55.0,55.0,56.0,365.0,60.83
031, Nidoqueen,90.0,92.0,87.0,75.0,85.0,76.0,505.0,84.17
032, Nidoran♂,46.0,57.0,40.0,40.0,40.0,50.0,273.0,45.5
033, Nidorino,61.0,72.0,57.0,55.0,55.0,65.0,365.0,60.83
034, Nidoking,81.0,102.0,77.0,85.0,75.0,85.0,505.0,84.17
035, Clefairy,70.0,45.0,48.0,60.0,65.0,35.0,323.0,53.83
036, Clefable,95.0,70.0,73.0,95.0,90.0,60.0,483.0,80.5
037, Vulpix,38.0,41.0,40.0,50.0,65.0,65.0,299.0,49.83
037, Vulpix (Alolan Vulpix),38.0,41.0,40.0,50.0,65.0,65.0,299.0,49.83
038, Ninetales,73.0,76.0,75.0,81.0,100.0,100.0,505.0,84.17
038, Ninetales (Alolan Ninetales),73.0,67.0,75.0,81.0,100.0,109.0,505.0,84.17
039, Jigglypuff,115.0,45.0,20.0,45.0,25.0,20.0,270.0,45.0
040, Wigglytuff,140.0,70.0,45.0,85.0,50.0,45.0,435.0,72.5
041, Zubat,40.0,45.0,35.0,30.0,40.0,55.0,245.0,40.83
042, Golbat,75.0,80.0,70.0,65.0,75.0,90.0,455.0,75.83
043, Oddish,45.0,50.0,55.0,75.0,65.0,30.0,320.0,53.33
044, Gloom,60.0,65.0,70.0,85.0,75.0,40.0,395.0,65.83
045, Vileplume,75.0,80.0,85.0,110.0,90.0,50.0,490.0,81.67
046, Paras,35.0,70.0,55.0,45.0,55.0,25.0,285.0,47.5
047, Parasect,60.0,95.0,80.0,60.0,80.0,30.0,405.0,67.5
048, Venonat,60.0,55.0,50.0,40.0,55.0,45.0,305.0,50.83
049, Venomoth,70.0,65.0,60.0,90.0,75.0,90.0,450.0,75.0
050, Diglett,10.0,55.0,25.0,35.0,45.0,95.0,265.0,44.17
050, Diglett (Alolan Diglett),10.0,55.0,30.0,35.0,45.0,90.0,265.0,44.17
051, Dugtrio,35.0,100.0,50.0,50.0,70.0,120.0,425.0,70.83
051, Dugtrio (Alolan Dugtrio),35.0,100.0,60.0,50.0,70.0,110.0,425.0,70.83
052, Meowth,40.0,45.0,35.0,40.0,40.0,90.0,290.0,48.33
052, Meowth (Alolan Meowth),40.0,35.0,35.0,50.0,40.0,90.0,290.0,48.33
052, Meowth (Galarian form),50.0,65.0,55.0,40.0,40.0,40.0,290.0,48.33
053, Persian,65.0,70.0,60.0,65.0,65.0,115.0,440.0,73.33
053, Persian (Alolan Persian),65.0,60.0,60.0,75.0,65.0,115.0,440.0,73.33
054, Psyduck,50.0,52.0,48.0,65.0,50.0,55.0,320.0,53.33
055, Golduck,80.0,82.0,78.0,95.0,80.0,85.0,500.0,83.33
056, Mankey,40.0,80.0,35.0,35.0,45.0,70.0,305.0,50.83
057, Primeape,65.0,105.0,60.0,60.0,70.0,95.0,455.0,75.83
058, Growlithe,55.0,70.0,45.0,70.0,50.0,60.0,350.0,58.33
059, Arcanine,90.0,110.0,80.0,100.0,80.0,95.0,555.0,92.5
060, Poliwag,40.0,50.0,40.0,40.0,40.0,90.0,300.0,50.0
061, Poliwhirl,65.0,65.0,65.0,50.0,50.0,90.0,385.0,64.17
062, Poliwrath,90.0,95.0,95.0,70.0,90.0,70.0,510.0,85.0
063, Abra,25.0,20.0,15.0,105.0,55.0,90.0,310.0,51.67
064, Kadabra,40.0,35.0,30.0,120.0,70.0,105.0,400.0,66.67
065, Alakazam,55.0,50.0,45.0,135.0,95.0,120.0,500.0,83.33
065, Alakazam (Mega Alakazam),55.0,50.0,65.0,175.0,105.0,150.0,600.0,100.0
066, Machop,70.0,80.0,50.0,35.0,35.0,35.0,305.0,50.83
067, Machoke,80.0,100.0,70.0,50.0,60.0,45.0,405.0,67.5
068, Machamp,90.0,130.0,80.0,65.0,85.0,55.0,505.0,84.17
069, Bellsprout,50.0,75.0,35.0,70.0,30.0,40.0,300.0,50.0
070, Weepinbell,65.0,90.0,50.0,85.0,45.0,55.0,390.0,65.0
071, Victreebel,80.0,105.0,65.0,100.0,70.0,70.0,490.0,81.67
072, Tentacool,40.0,40.0,35.0,50.0,100.0,70.0,335.0,55.83
073, Tentacruel,80.0,70.0,65.0,80.0,120.0,100.0,515.0,85.83
074, Geodude,40.0,80.0,100.0,30.0,30.0,20.0,300.0,50.0
074, Geodude (Alolan Geodude),40.0,80.0,100.0,30.0,30.0,20.0,300.0,50.0
075, Graveler,55.0,95.0,115.0,45.0,45.0,35.0,390.0,65.0
075, Graveler (Alolan Graveler),55.0,95.0,115.0,45.0,45.0,35.0,390.0,65.0
076, Golem,80.0,120.0,130.0,55.0,65.0,45.0,495.0,82.5
076, Golem (Alolan Golem),80.0,120.0,130.0,55.0,65.0,45.0,495.0,82.5
077, Ponyta,50.0,85.0,55.0,65.0,65.0,90.0,410.0,68.33
077, Ponyta (Galarian form),50.0,85.0,55.0,65.0,65.0,90.0,410.0,68.33
078, Rapidash,65.0,100.0,70.0,80.0,80.0,105.0,500.0,83.33
078, Rapidash (Galarian form),65.0,100.0,70.0,80.0,80.0,105.0,500.0,83.33
079, Slowpoke,90.0,65.0,65.0,40.0,40.0,15.0,315.0,52.5
079, Slowpoke (Galarian form),90.0,65.0,65.0,40.0,40.0,15.0,315.0,52.5
080, Slowbro,95.0,75.0,110.0,100.0,80.0,30.0,490.0,81.67
080, Slowbro (Mega Slowbro),95.0,75.0,180.0,130.0,80.0,30.0,590.0,98.33
081, Magnemite,25.0,35.0,70.0,95.0,55.0,45.0,325.0,54.17
082, Magneton,50.0,60.0,95.0,120.0,70.0,70.0,465.0,77.5
083, Farfetch'd,52.0,90.0,55.0,58.0,62.0,60.0,377.0,62.83
083, Farfetch'd (Galarian form),52.0,95.0,55.0,58.0,62.0,55.0,377.0,62.83
084, Doduo,35.0,85.0,45.0,35.0,35.0,75.0,310.0,51.67
085, Dodrio,60.0,110.0,70.0,60.0,60.0,110.0,470.0,78.33
086, Seel,65.0,45.0,55.0,45.0,70.0,45.0,325.0,54.17
087, Dewgong,90.0,70.0,80.0,70.0,95.0,70.0,475.0,79.17
088, Grimer,80.0,80.0,50.0,40.0,50.0,25.0,325.0,54.17
088, Grimer (Alolan Grimer),80.0,80.0,50.0,40.0,50.0,25.0,325.0,54.17
089, Muk,105.0,105.0,75.0,65.0,100.0,50.0,500.0,83.33
089, Muk (Alolan Muk),105.0,105.0,75.0,65.0,100.0,50.0,500.0,83.33
090, Shellder,30.0,65.0,100.0,45.0,25.0,40.0,305.0,50.83
091, Cloyster,50.0,95.0,180.0,85.0,45.0,70.0,525.0,87.5
092, Gastly,30.0,35.0,30.0,100.0,35.0,80.0,310.0,51.67
093, Haunter,45.0,50.0,45.0,115.0,55.0,95.0,405.0,67.5
094, Gengar,60.0,65.0,60.0,130.0,75.0,110.0,500.0,83.33
094, Gengar (Mega Gengar),60.0,65.0,80.0,170.0,95.0,130.0,600.0,100.0
095, Onix,35.0,45.0,160.0,30.0,45.0,70.0,385.0,64.17
096, Drowzee,60.0,48.0,45.0,43.0,90.0,42.0,328.0,54.67
097, Hypno,85.0,73.0,70.0,73.0,115.0,67.0,483.0,80.5
098, Krabby,30.0,105.0,90.0,25.0,25.0,50.0,325.0,54.17
099, Kingler,55.0,130.0,115.0,50.0,50.0,75.0,475.0,79.17
100, Voltorb,40.0,30.0,50.0,55.0,55.0,100.0,330.0,55.0
101, Electrode,60.0,50.0,70.0,80.0,80.0,150.0,490.0,81.67
102, Exeggcute,60.0,40.0,80.0,60.0,45.0,40.0,325.0,54.17
103, Exeggutor,95.0,95.0,85.0,125.0,75.0,55.0,530.0,88.33
103, Exeggutor (Alolan Exeggutor),95.0,105.0,85.0,125.0,75.0,45.0,530.0,88.33
104, Cubone,50.0,50.0,95.0,40.0,50.0,35.0,320.0,53.33
105, Marowak,60.0,80.0,110.0,50.0,80.0,45.0,425.0,70.83
105, Marowak (Alolan Marowak),60.0,80.0,110.0,50.0,80.0,45.0,425.0,70.83
106, Hitmonlee,50.0,120.0,53.0,35.0,110.0,87.0,455.0,75.83
107, Hitmonchan,50.0,105.0,79.0,35.0,110.0,76.0,455.0,75.83
108, Lickitung,90.0,55.0,75.0,60.0,75.0,30.0,385.0,64.17
109, Koffing,40.0,65.0,95.0,60.0,45.0,35.0,340.0,56.67
110, Weezing,65.0,90.0,120.0,85.0,70.0,60.0,490.0,81.67
110, Weezing (Galarian form),65.0,90.0,120.0,85.0,70.0,60.0,490.0,81.67
111, Rhyhorn,80.0,85.0,95.0,30.0,30.0,25.0,345.0,57.5
112, Rhydon,105.0,130.0,120.0,45.0,45.0,40.0,485.0,80.83
113, Chansey,250.0,5.0,5.0,35.0,105.0,50.0,450.0,75.0
114, Tangela,65.0,55.0,115.0,100.0,40.0,60.0,435.0,72.5
115, Kangaskhan,105.0,95.0,80.0,40.0,80.0,90.0,490.0,81.67
115, Kangaskhan (Mega Kangaskhan),105.0,125.0,100.0,60.0,100.0,100.0,590.0,98.33
116, Horsea,30.0,40.0,70.0,70.0,25.0,60.0,295.0,49.17
117, Seadra,55.0,65.0,95.0,95.0,45.0,85.0,440.0,73.33
118, Goldeen,45.0,67.0,60.0,35.0,50.0,63.0,320.0,53.33
119, Seaking,80.0,92.0,65.0,65.0,80.0,68.0,450.0,75.0
120, Staryu,30.0,45.0,55.0,70.0,55.0,85.0,340.0,56.67
121, Starmie,60.0,75.0,85.0,100.0,85.0,115.0,520.0,86.67
122, Mr. Mime,40.0,45.0,65.0,100.0,120.0,90.0,460.0,76.67
122, Mr. Mime (Galarian form),50.0,65.0,65.0,90.0,90.0,100.0,460.0,76.67
123, Scyther,70.0,110.0,80.0,55.0,80.0,105.0,500.0,83.33
124, Jynx,65.0,50.0,35.0,115.0,95.0,95.0,455.0,75.83
125, Electabuzz,65.0,83.0,57.0,95.0,85.0,105.0,490.0,81.67
126, Magmar,65.0,95.0,57.0,100.0,85.0,93.0,495.0,82.5
127, Pinsir,65.0,125.0,100.0,55.0,70.0,85.0,500.0,83.33
127, Pinsir (Mega Pinsir),65.0,155.0,120.0,65.0,90.0,105.0,600.0,100.0
128, Tauros,75.0,100.0,95.0,40.0,70.0,110.0,490.0,81.67
129, Magikarp,20.0,10.0,55.0,15.0,20.0,80.0,200.0,33.33
130, Gyarados,95.0,125.0,79.0,60.0,100.0,81.0,540.0,90.0
130, Gyarados (Mega Gyarados),95.0,155.0,109.0,70.0,130.0,81.0,640.0,106.67
131, Lapras,130.0,85.0,80.0,85.0,95.0,60.0,535.0,89.17
132, Ditto,48.0,48.0,48.0,48.0,48.0,48.0,288.0,48.0
133, Eevee,55.0,55.0,50.0,45.0,65.0,55.0,325.0,54.17
133, Eevee (Partner Eevee),65.0,75.0,70.0,65.0,85.0,75.0,435.0,72.5
134, Vaporeon,130.0,65.0,60.0,110.0,95.0,65.0,525.0,87.5
135, Jolteon,65.0,65.0,60.0,110.0,95.0,130.0,525.0,87.5
136, Flareon,65.0,130.0,60.0,95.0,110.0,65.0,525.0,87.5
137, Porygon,65.0,60.0,70.0,85.0,75.0,40.0,395.0,65.83
138, Omanyte,35.0,40.0,100.0,90.0,55.0,35.0,355.0,59.17
139, Omastar,70.0,60.0,125.0,115.0,70.0,55.0,495.0,82.5
140, Kabuto,30.0,80.0,90.0,55.0,45.0,55.0,355.0,59.17
141, Kabutops,60.0,115.0,105.0,65.0,70.0,80.0,495.0,82.5
142, Aerodactyl,80.0,105.0,65.0,60.0,75.0,130.0,515.0,85.83
142, Aerodactyl (Mega Aerodactyl),80.0,135.0,85.0,70.0,95.0,150.0,615.0,102.5
143, Snorlax,160.0,110.0,65.0,65.0,110.0,30.0,540.0,90.0
144, Articuno,90.0,85.0,100.0,95.0,125.0,85.0,580.0,96.67
145, Zapdos,90.0,90.0,85.0,125.0,90.0,100.0,580.0,96.67
146, Moltres,90.0,100.0,90.0,125.0,85.0,90.0,580.0,96.67
147, Dratini,41.0,64.0,45.0,50.0,50.0,50.0,300.0,50.0
148, Dragonair,61.0,84.0,65.0,70.0,70.0,70.0,420.0,70.0
149, Dragonite,91.0,134.0,95.0,100.0,100.0,80.0,600.0,100.0
150, Mewtwo,106.0,110.0,90.0,154.0,90.0,130.0,680.0,113.33
150, Mewtwo (Mega Mewtwo X),106.0,190.0,100.0,154.0,100.0,130.0,780.0,130.0
150, Mewtwo (Mega Mewtwo Y),106.0,150.0,70.0,194.0,120.0,140.0,780.0,130.0
151, Mew,100.0,100.0,100.0,100.0,100.0,100.0,600.0,100.0
152, Chikorita,45.0,49.0,65.0,49.0,65.0,45.0,318.0,53.0
153, Bayleef,60.0,62.0,80.0,63.0,80.0,60.0,405.0,67.5
154, Meganium,80.0,82.0,100.0,83.0,100.0,80.0,525.0,87.5
155, Cyndaquil,39.0,52.0,43.0,60.0,50.0,65.0,309.0,51.5
156, Quilava,58.0,64.0,58.0,80.0,65.0,80.0,405.0,67.5
157, Typhlosion,78.0,84.0,78.0,109.0,85.0,100.0,534.0,89.0
158, Totodile,50.0,65.0,64.0,44.0,48.0,43.0,314.0,52.33
159, Croconaw,65.0,80.0,80.0,59.0,63.0,58.0,405.0,67.5
160, Feraligatr,85.0,105.0,100.0,79.0,83.0,78.0,530.0,88.33
161, Sentret,35.0,46.0,34.0,35.0,45.0,20.0,215.0,35.83
162, Furret,85.0,76.0,64.0,45.0,55.0,90.0,415.0,69.17
163, Hoothoot,60.0,30.0,30.0,36.0,56.0,50.0,262.0,43.67
164, Noctowl,100.0,50.0,50.0,86.0,96.0,70.0,452.0,75.33
165, Ledyba,40.0,20.0,30.0,40.0,80.0,55.0,265.0,44.17
166, Ledian,55.0,35.0,50.0,55.0,110.0,85.0,390.0,65.0
167, Spinarak,40.0,60.0,40.0,40.0,40.0,30.0,250.0,41.67
168, Ariados,70.0,90.0,70.0,60.0,70.0,40.0,400.0,66.67
169, Crobat,85.0,90.0,80.0,70.0,80.0,130.0,535.0,89.17
170, Chinchou,75.0,38.0,38.0,56.0,56.0,67.0,330.0,55.0
171, Lanturn,125.0,58.0,58.0,76.0,76.0,67.0,460.0,76.67
172, Pichu,20.0,40.0,15.0,35.0,35.0,60.0,205.0,34.17
173, Cleffa,50.0,25.0,28.0,45.0,55.0,15.0,218.0,36.33
174, Igglybuff,90.0,30.0,15.0,40.0,20.0,15.0,210.0,35.0
175, Togepi,35.0,20.0,65.0,40.0,65.0,20.0,245.0,40.83
176, Togetic,55.0,40.0,85.0,80.0,105.0,40.0,405.0,67.5
177, Natu,40.0,50.0,45.0,70.0,45.0,70.0,320.0,53.33
178, Xatu,65.0,75.0,70.0,95.0,70.0,95.0,470.0,78.33
179, Mareep,55.0,40.0,40.0,65.0,45.0,35.0,280.0,46.67
180, Flaaffy,70.0,55.0,55.0,80.0,60.0,45.0,365.0,60.83
181, Ampharos,90.0,75.0,85.0,115.0,90.0,55.0,510.0,85.0
181, Ampharos (Mega Ampharos),90.0,95.0,105.0,165.0,110.0,45.0,610.0,101.67
182, Bellossom,75.0,80.0,95.0,90.0,100.0,50.0,490.0,81.67
183, Marill,70.0,20.0,50.0,20.0,50.0,40.0,250.0,41.67
184, Azumarill,100.0,50.0,80.0,60.0,80.0,50.0,420.0,70.0
185, Sudowoodo,70.0,100.0,115.0,30.0,65.0,30.0,410.0,68.33
186, Politoed,90.0,75.0,75.0,90.0,100.0,70.0,500.0,83.33
187, Hoppip,35.0,35.0,40.0,35.0,55.0,50.0,250.0,41.67
188, Skiploom,55.0,45.0,50.0,45.0,65.0,80.0,340.0,56.67
189, Jumpluff,75.0,55.0,70.0,55.0,95.0,110.0,460.0,76.67
190, Aipom,55.0,70.0,55.0,40.0,55.0,85.0,360.0,60.0
191, Sunkern,30.0,30.0,30.0,30.0,30.0,30.0,180.0,30.0
192, Sunflora,75.0,75.0,55.0,105.0,85.0,30.0,425.0,70.83
193, Yanma,65.0,65.0,45.0,75.0,45.0,95.0,390.0,65.0
194, Wooper,55.0,45.0,45.0,25.0,25.0,15.0,210.0,35.0
195, Quagsire,95.0,85.0,85.0,65.0,65.0,35.0,430.0,71.67
196, Espeon,65.0,65.0,60.0,130.0,95.0,110.0,525.0,87.5
197, Umbreon,95.0,65.0,110.0,60.0,130.0,65.0,525.0,87.5
198, Murkrow,60.0,85.0,42.0,85.0,42.0,91.0,405.0,67.5
199, Slowking,95.0,75.0,80.0,100.0,110.0,30.0,490.0,81.67
200, Misdreavus,60.0,60.0,60.0,85.0,85.0,85.0,435.0,72.5
201, Unown,48.0,72.0,48.0,72.0,48.0,48.0,336.0,56.0
202, Wobbuffet,190.0,33.0,58.0,33.0,58.0,33.0,405.0,67.5
203, Girafarig,70.0,80.0,65.0,90.0,65.0,85.0,455.0,75.83
204, Pineco,50.0,65.0,90.0,35.0,35.0,15.0,290.0,48.33
205, Forretress,75.0,90.0,140.0,60.0,60.0,40.0,465.0,77.5
206, Dunsparce,100.0,70.0,70.0,65.0,65.0,45.0,415.0,69.17
207, Gligar,65.0,75.0,105.0,35.0,65.0,85.0,430.0,71.67
208, Steelix,75.0,85.0,200.0,55.0,65.0,30.0,510.0,85.0
208, Steelix (Mega Steelix),75.0,125.0,230.0,55.0,95.0,30.0,610.0,101.67
209, Snubbull,60.0,80.0,50.0,40.0,40.0,30.0,300.0,50.0
210, Granbull,90.0,120.0,75.0,60.0,60.0,45.0,450.0,75.0
211, Qwilfish,65.0,95.0,85.0,55.0,55.0,85.0,440.0,73.33
212, Scizor,70.0,130.0,100.0,55.0,80.0,65.0,500.0,83.33
212, Scizor (Mega Scizor),70.0,150.0,140.0,65.0,100.0,75.0,600.0,100.0
213, Shuckle,20.0,10.0,230.0,10.0,230.0,5.0,505.0,84.17
214, Heracross,80.0,125.0,75.0,40.0,95.0,85.0,500.0,83.33
214, Heracross (Mega Heracross),80.0,185.0,115.0,40.0,105.0,75.0,600.0,100.0
215, Sneasel,55.0,95.0,55.0,35.0,75.0,115.0,430.0,71.67
216, Teddiursa,60.0,80.0,50.0,50.0,50.0,40.0,330.0,55.0
217, Ursaring,90.0,130.0,75.0,75.0,75.0,55.0,500.0,83.33
218, Slugma,40.0,40.0,40.0,70.0,40.0,20.0,250.0,41.67
219, Magcargo,60.0,50.0,120.0,90.0,80.0,30.0,430.0,71.67
220, Swinub,50.0,50.0,40.0,30.0,30.0,50.0,250.0,41.67
221, Piloswine,100.0,100.0,80.0,60.0,60.0,50.0,450.0,75.0
222, Corsola,65.0,55.0,95.0,65.0,95.0,35.0,410.0,68.33
222, Corsola (Galarian form),60.0,55.0,100.0,65.0,100.0,30.0,410.0,68.33
223, Remoraid,35.0,65.0,35.0,65.0,35.0,65.0,300.0,50.0
224, Octillery,75.0,105.0,75.0,105.0,75.0,45.0,480.0,80.0
225, Delibird,45.0,55.0,45.0,65.0,45.0,75.0,330.0,55.0
226, Mantine,85.0,40.0,70.0,80.0,140.0,70.0,485.0,80.83
227, Skarmory,65.0,80.0,140.0,40.0,70.0,70.0,465.0,77.5
228, Houndour,45.0,60.0,30.0,80.0,50.0,65.0,330.0,55.0
229, Houndoom,75.0,90.0,50.0,110.0,80.0,95.0,500.0,83.33
229, Houndoom (Mega Houndoom),75.0,90.0,90.0,140.0,90.0,115.0,600.0,100.0
230, Kingdra,75.0,95.0,95.0,95.0,95.0,85.0,540.0,90.0
231, Phanpy,90.0,60.0,60.0,40.0,40.0,40.0,330.0,55.0
232, Donphan,90.0,120.0,120.0,60.0,60.0,50.0,500.0,83.33
233, Porygon2,85.0,80.0,90.0,105.0,95.0,60.0,515.0,85.83
234, Stantler,73.0,95.0,62.0,85.0,65.0,85.0,465.0,77.5
235, Smeargle,55.0,20.0,35.0,20.0,45.0,75.0,250.0,41.67
236, Tyrogue,35.0,35.0,35.0,35.0,35.0,35.0,210.0,35.0
237, Hitmontop,50.0,95.0,95.0,35.0,110.0,70.0,455.0,75.83
238, Smoochum,45.0,30.0,15.0,85.0,65.0,65.0,305.0,50.83
239, Elekid,45.0,63.0,37.0,65.0,55.0,95.0,360.0,60.0
240, Magby,45.0,75.0,37.0,70.0,55.0,83.0,365.0,60.83
241, Miltank,95.0,80.0,105.0,40.0,70.0,100.0,490.0,81.67
242, Blissey,255.0,10.0,10.0,75.0,135.0,55.0,540.0,90.0
243, Raikou,90.0,85.0,75.0,115.0,100.0,115.0,580.0,96.67
244, Entei,115.0,115.0,85.0,90.0,75.0,100.0,580.0,96.67
245, Suicune,100.0,75.0,115.0,90.0,115.0,85.0,580.0,96.67
246, Larvitar,50.0,64.0,50.0,45.0,50.0,41.0,300.0,50.0
247, Pupitar,70.0,84.0,70.0,65.0,70.0,51.0,410.0,68.33
248, Tyranitar,100.0,134.0,110.0,95.0,100.0,61.0,600.0,100.0
248, Tyranitar (Mega Tyranitar),100.0,164.0,150.0,95.0,120.0,71.0,700.0,116.67
249, Lugia,106.0,90.0,130.0,90.0,154.0,110.0,680.0,113.33
250, Ho-Oh,106.0,130.0,90.0,110.0,154.0,90.0,680.0,113.33
251, Celebi,100.0,100.0,100.0,100.0,100.0,100.0,600.0,100.0
252, Treecko,40.0,45.0,35.0,65.0,55.0,70.0,310.0,51.67
253, Grovyle,50.0,65.0,45.0,85.0,65.0,95.0,405.0,67.5
254, Sceptile,70.0,85.0,65.0,105.0,85.0,120.0,530.0,88.33
254, Sceptile (Mega Sceptile),70.0,110.0,75.0,145.0,85.0,145.0,630.0,105.0
255, Torchic,45.0,60.0,40.0,70.0,50.0,45.0,310.0,51.67
256, Combusken,60.0,85.0,60.0,85.0,60.0,55.0,405.0,67.5
257, Blaziken,80.0,120.0,70.0,110.0,70.0,80.0,530.0,88.33
257, Blaziken (Mega Blaziken),80.0,160.0,80.0,130.0,80.0,100.0,630.0,105.0
258, Mudkip,50.0,70.0,50.0,50.0,50.0,40.0,310.0,51.67
259, Marshtomp,70.0,85.0,70.0,60.0,70.0,50.0,405.0,67.5
260, Swampert,100.0,110.0,90.0,85.0,90.0,60.0,535.0,89.17
260, Swampert (Mega Swampert),100.0,150.0,110.0,95.0,110.0,70.0,635.0,105.83
261, Poochyena,35.0,55.0,35.0,30.0,30.0,35.0,220.0,36.67
262, Mightyena,70.0,90.0,70.0,60.0,60.0,70.0,420.0,70.0
263, Zigzagoon,38.0,30.0,41.0,30.0,41.0,60.0,240.0,40.0
263, Zigzagoon (Galarian form),38.0,30.0,41.0,30.0,41.0,60.0,240.0,40.0
264, Linoone,78.0,70.0,61.0,50.0,61.0,100.0,420.0,70.0
264, Linoone (Galarian form),78.0,70.0,61.0,50.0,61.0,100.0,420.0,70.0
265, Wurmple,45.0,45.0,35.0,20.0,30.0,20.0,195.0,32.5
266, Silcoon,50.0,35.0,55.0,25.0,25.0,15.0,205.0,34.17
267, Beautifly,60.0,70.0,50.0,100.0,50.0,65.0,395.0,65.83
268, Cascoon,50.0,35.0,55.0,25.0,25.0,15.0,205.0,34.17
269, Dustox,60.0,50.0,70.0,50.0,90.0,65.0,385.0,64.17
270, Lotad,40.0,30.0,30.0,40.0,50.0,30.0,220.0,36.67
271, Lombre,60.0,50.0,50.0,60.0,70.0,50.0,340.0,56.67
272, Ludicolo,80.0,70.0,70.0,90.0,100.0,70.0,480.0,80.0
273, Seedot,40.0,40.0,50.0,30.0,30.0,30.0,220.0,36.67
274, Nuzleaf,70.0,70.0,40.0,60.0,40.0,60.0,340.0,56.67
275, Shiftry,90.0,100.0,60.0,90.0,60.0,80.0,480.0,80.0
276, Taillow,40.0,55.0,30.0,30.0,30.0,85.0,270.0,45.0
277, Swellow,60.0,85.0,60.0,75.0,50.0,125.0,455.0,75.83
278, Wingull,40.0,30.0,30.0,55.0,30.0,85.0,270.0,45.0
279, Pelipper,60.0,50.0,100.0,95.0,70.0,65.0,440.0,73.33
280, Ralts,28.0,25.0,25.0,45.0,35.0,40.0,198.0,33.0
281, Kirlia,38.0,35.0,35.0,65.0,55.0,50.0,278.0,46.33
282, Gardevoir,68.0,65.0,65.0,125.0,115.0,80.0,518.0,86.33
282, Gardevoir (Mega Gardevoir),68.0,85.0,65.0,165.0,135.0,100.0,618.0,103.0
283, Surskit,40.0,30.0,32.0,50.0,52.0,65.0,269.0,44.83
284, Masquerain,70.0,60.0,62.0,100.0,82.0,80.0,454.0,75.67
285, Shroomish,60.0,40.0,60.0,40.0,60.0,35.0,295.0,49.17
286, Breloom,60.0,130.0,80.0,60.0,60.0,70.0,460.0,76.67
287, Slakoth,60.0,60.0,60.0,35.0,35.0,30.0,280.0,46.67
288, Vigoroth,80.0,80.0,80.0,55.0,55.0,90.0,440.0,73.33
289, Slaking,150.0,160.0,100.0,95.0,65.0,100.0,670.0,111.67
290, Nincada,31.0,45.0,90.0,30.0,30.0,40.0,266.0,44.33
291, Ninjask,61.0,90.0,45.0,50.0,50.0,160.0,456.0,76.0
292, Shedinja,1.0,90.0,45.0,30.0,30.0,40.0,236.0,39.33
293, Whismur,64.0,51.0,23.0,51.0,23.0,28.0,240.0,40.0
294, Loudred,84.0,71.0,43.0,71.0,43.0,48.0,360.0,60.0
295, Exploud,104.0,91.0,63.0,91.0,73.0,68.0,490.0,81.67
296, Makuhita,72.0,60.0,30.0,20.0,30.0,25.0,237.0,39.5
297, Hariyama,144.0,120.0,60.0,40.0,60.0,50.0,474.0,79.0
298, Azurill,50.0,20.0,40.0,20.0,40.0,20.0,190.0,31.67
299, Nosepass,30.0,45.0,135.0,45.0,90.0,30.0,375.0,62.5
300, Skitty,50.0,45.0,45.0,35.0,35.0,50.0,260.0,43.33
301, Delcatty,70.0,65.0,65.0,55.0,55.0,90.0,400.0,66.67
302, Sableye,50.0,75.0,75.0,65.0,65.0,50.0,380.0,63.33
302, Sableye (Mega Sableye),50.0,85.0,125.0,85.0,115.0,20.0,480.0,80.0
303, Mawile,50.0,85.0,85.0,55.0,55.0,50.0,380.0,63.33
303, Mawile (Mega Mawile),50.0,105.0,125.0,55.0,95.0,50.0,480.0,80.0
304, Aron,50.0,70.0,100.0,40.0,40.0,30.0,330.0,55.0
305, Lairon,60.0,90.0,140.0,50.0,50.0,40.0,430.0,71.67
306, Aggron,70.0,110.0,180.0,60.0,60.0,50.0,530.0,88.33
306, Aggron (Mega Aggron),70.0,140.0,230.0,60.0,80.0,50.0,630.0,105.0
307, Meditite,30.0,40.0,55.0,40.0,55.0,60.0,280.0,46.67
308, Medicham,60.0,60.0,75.0,60.0,75.0,80.0,410.0,68.33
308, Medicham (Mega Medicham),60.0,100.0,85.0,80.0,85.0,100.0,510.0,85.0
309, Electrike,40.0,45.0,40.0,65.0,40.0,65.0,295.0,49.17
310, Manectric,70.0,75.0,60.0,105.0,60.0,105.0,475.0,79.17
310, Manectric (Mega Manectric),70.0,75.0,80.0,135.0,80.0,135.0,575.0,95.83
311, Plusle,60.0,50.0,40.0,85.0,75.0,95.0,405.0,67.5
312, Minun,60.0,40.0,50.0,75.0,85.0,95.0,405.0,67.5
313, Volbeat,65.0,73.0,75.0,47.0,85.0,85.0,430.0,71.67
314, Illumise,65.0,47.0,75.0,73.0,85.0,85.0,430.0,71.67
315, Roselia,50.0,60.0,45.0,100.0,80.0,65.0,400.0,66.67
316, Gulpin,70.0,43.0,53.0,43.0,53.0,40.0,302.0,50.33
317, Swalot,100.0,73.0,83.0,73.0,83.0,55.0,467.0,77.83
318, Carvanha,45.0,90.0,20.0,65.0,20.0,65.0,305.0,50.83
319, Sharpedo,70.0,120.0,40.0,95.0,40.0,95.0,460.0,76.67
319, Sharpedo (Mega Sharpedo),70.0,140.0,70.0,110.0,65.0,105.0,560.0,93.33
320, Wailmer,130.0,70.0,35.0,70.0,35.0,60.0,400.0,66.67
321, Wailord,170.0,90.0,45.0,90.0,45.0,60.0,500.0,83.33
322, Numel,60.0,60.0,40.0,65.0,45.0,35.0,305.0,50.83
323, Camerupt,70.0,100.0,70.0,105.0,75.0,40.0,460.0,76.67
323, Camerupt (Mega Camerupt),70.0,120.0,100.0,145.0,105.0,20.0,560.0,93.33
324, Torkoal,70.0,85.0,140.0,85.0,70.0,20.0,470.0,78.33
325, Spoink,60.0,25.0,35.0,70.0,80.0,60.0,330.0,55.0
326, Grumpig,80.0,45.0,65.0,90.0,110.0,80.0,470.0,78.33
327, Spinda,60.0,60.0,60.0,60.0,60.0,60.0,360.0,60.0
328, Trapinch,45.0,100.0,45.0,45.0,45.0,10.0,290.0,48.33
329, Vibrava,50.0,70.0,50.0,50.0,50.0,70.0,340.0,56.67
330, Flygon,80.0,100.0,80.0,80.0,80.0,100.0,520.0,86.67
331, Cacnea,50.0,85.0,40.0,85.0,40.0,35.0,335.0,55.83
332, Cacturne,70.0,115.0,60.0,115.0,60.0,55.0,475.0,79.17
333, Swablu,45.0,40.0,60.0,40.0,75.0,50.0,310.0,51.67
334, Altaria,75.0,70.0,90.0,70.0,105.0,80.0,490.0,81.67
334, Altaria (Mega Altaria),75.0,110.0,110.0,110.0,105.0,80.0,590.0,98.33
335, Zangoose,73.0,115.0,60.0,60.0,60.0,90.0,458.0,76.33
336, Seviper,73.0,100.0,60.0,100.0,60.0,65.0,458.0,76.33
337, Lunatone,90.0,55.0,65.0,95.0,85.0,70.0,460.0,76.67
338, Solrock,90.0,95.0,85.0,55.0,65.0,70.0,460.0,76.67
339, Barboach,50.0,48.0,43.0,46.0,41.0,60.0,288.0,48.0
340, Whiscash,110.0,78.0,73.0,76.0,71.0,60.0,468.0,78.0
341, Corphish,43.0,80.0,65.0,50.0,35.0,35.0,308.0,51.33
342, Crawdaunt,63.0,120.0,85.0,90.0,55.0,55.0,468.0,78.0
343, Baltoy,40.0,40.0,55.0,40.0,70.0,55.0,300.0,50.0
344, Claydol,60.0,70.0,105.0,70.0,120.0,75.0,500.0,83.33
345, Lileep,66.0,41.0,77.0,61.0,87.0,23.0,355.0,59.17
346, Cradily,86.0,81.0,97.0,81.0,107.0,43.0,495.0,82.5
347, Anorith,45.0,95.0,50.0,40.0,50.0,75.0,355.0,59.17
348, Armaldo,75.0,125.0,100.0,70.0,80.0,45.0,495.0,82.5
349, Feebas,20.0,15.0,20.0,10.0,55.0,80.0,200.0,33.33
350, Milotic,95.0,60.0,79.0,100.0,125.0,81.0,540.0,90.0
351, Castform,70.0,70.0,70.0,70.0,70.0,70.0,420.0,70.0
352, Kecleon,60.0,90.0,70.0,60.0,120.0,40.0,440.0,73.33
353, Shuppet,44.0,75.0,35.0,63.0,33.0,45.0,295.0,49.17
354, Banette,64.0,115.0,65.0,83.0,63.0,65.0,455.0,75.83
354, Banette (Mega Banette),64.0,165.0,75.0,93.0,83.0,75.0,555.0,92.5
355, Duskull,20.0,40.0,90.0,30.0,90.0,25.0,295.0,49.17
356, Dusclops,40.0,70.0,130.0,60.0,130.0,25.0,455.0,75.83
357, Tropius,99.0,68.0,83.0,72.0,87.0,51.0,460.0,76.67
358, Chimecho,75.0,50.0,80.0,95.0,90.0,65.0,455.0,75.83
359, Absol,65.0,130.0,60.0,75.0,60.0,75.0,465.0,77.5
359, Absol (Mega Absol),65.0,150.0,60.0,115.0,60.0,115.0,565.0,94.17
360, Wynaut,95.0,23.0,48.0,23.0,48.0,23.0,260.0,43.33
361, Snorunt,50.0,50.0,50.0,50.0,50.0,50.0,300.0,50.0
362, Glalie,80.0,80.0,80.0,80.0,80.0,80.0,480.0,80.0
362, Glalie (Mega Glalie),80.0,120.0,80.0,120.0,80.0,100.0,580.0,96.67
363, Spheal,70.0,40.0,50.0,55.0,50.0,25.0,290.0,48.33
364, Sealeo,90.0,60.0,70.0,75.0,70.0,45.0,410.0,68.33
365, Walrein,110.0,80.0,90.0,95.0,90.0,65.0,530.0,88.33
366, Clamperl,35.0,64.0,85.0,74.0,55.0,32.0,345.0,57.5
367, Huntail,55.0,104.0,105.0,94.0,75.0,52.0,485.0,80.83
368, Gorebyss,55.0,84.0,105.0,114.0,75.0,52.0,485.0,80.83
369, Relicanth,100.0,90.0,130.0,45.0,65.0,55.0,485.0,80.83
370, Luvdisc,43.0,30.0,55.0,40.0,65.0,97.0,330.0,55.0
371, Bagon,45.0,75.0,60.0,40.0,30.0,50.0,300.0,50.0
372, Shelgon,65.0,95.0,100.0,60.0,50.0,50.0,420.0,70.0
373, Salamence,95.0,135.0,80.0,110.0,80.0,100.0,600.0,100.0
373, Salamence (Mega Salamence),95.0,145.0,130.0,120.0,90.0,120.0,700.0,116.67
374, Beldum,40.0,55.0,80.0,35.0,60.0,30.0,300.0,50.0
375, Metang,60.0,75.0,100.0,55.0,80.0,50.0,420.0,70.0
376, Metagross,80.0,135.0,130.0,95.0,90.0,70.0,600.0,100.0
376, Metagross (Mega Metagross),80.0,145.0,150.0,105.0,110.0,110.0,700.0,116.67
377, Regirock,80.0,100.0,200.0,50.0,100.0,50.0,580.0,96.67
378, Regice,80.0,50.0,100.0,100.0,200.0,50.0,580.0,96.67
379, Registeel,80.0,75.0,150.0,75.0,150.0,50.0,580.0,96.67
380, Latias,80.0,80.0,90.0,110.0,130.0,110.0,600.0,100.0
380, Latias (Mega Latias),80.0,100.0,120.0,140.0,150.0,110.0,700.0,116.67
381, Latios,80.0,90.0,80.0,130.0,110.0,110.0,600.0,100.0
381, Latios (Mega Latios),80.0,130.0,100.0,160.0,120.0,110.0,700.0,116.67
382, Kyogre,100.0,100.0,90.0,150.0,140.0,90.0,670.0,111.67
382, Kyogre (Primal Kyogre),100.0,150.0,90.0,180.0,160.0,90.0,770.0,128.33
383, Groudon,100.0,150.0,140.0,100.0,90.0,90.0,670.0,111.67
383, Groudon (Primal Groudon),100.0,180.0,160.0,150.0,90.0,90.0,770.0,128.33
384, Rayquaza,105.0,150.0,90.0,150.0,90.0,95.0,680.0,113.33
384, Rayquaza (Mega Rayquaza),105.0,180.0,100.0,180.0,100.0,115.0,780.0,130.0
385, Jirachi,100.0,100.0,100.0,100.0,100.0,100.0,600.0,100.0
386, Deoxys (Normal Forme),50.0,150.0,50.0,150.0,50.0,150.0,600.0,100.0
386, Deoxys (Attack Forme),50.0,180.0,20.0,180.0,20.0,150.0,600.0,100.0
386, Deoxys (Defense Forme),50.0,70.0,160.0,70.0,160.0,90.0,600.0,100.0
386, Deoxys (Speed Forme),50.0,95.0,90.0,95.0,90.0,180.0,600.0,100.0
387, Turtwig,55.0,68.0,64.0,45.0,55.0,31.0,318.0,53.0
388, Grotle,75.0,89.0,85.0,55.0,65.0,36.0,405.0,67.5
389, Torterra,95.0,109.0,105.0,75.0,85.0,56.0,525.0,87.5
390, Chimchar,44.0,58.0,44.0,58.0,44.0,61.0,309.0,51.5
391, Monferno,64.0,78.0,52.0,78.0,52.0,81.0,405.0,67.5
392, Infernape,76.0,104.0,71.0,104.0,71.0,108.0,534.0,89.0
393, Piplup,53.0,51.0,53.0,61.0,56.0,40.0,314.0,52.33
394, Prinplup,64.0,66.0,68.0,81.0,76.0,50.0,405.0,67.5
395, Empoleon,84.0,86.0,88.0,111.0,101.0,60.0,530.0,88.33
396, Starly,40.0,55.0,30.0,30.0,30.0,60.0,245.0,40.83
397, Staravia,55.0,75.0,50.0,40.0,40.0,80.0,340.0,56.67
398, Staraptor,85.0,120.0,70.0,50.0,60.0,100.0,485.0,80.83
399, Bidoof,59.0,45.0,40.0,35.0,40.0,31.0,250.0,41.67
400, Bibarel,79.0,85.0,60.0,55.0,60.0,71.0,410.0,68.33
401, Kricketot,37.0,25.0,41.0,25.0,41.0,25.0,194.0,32.33
402, Kricketune,77.0,85.0,51.0,55.0,51.0,65.0,384.0,64.0
403, Shinx,45.0,65.0,34.0,40.0,34.0,45.0,263.0,43.83
404, Luxio,60.0,85.0,49.0,60.0,49.0,60.0,363.0,60.5
405, Luxray,80.0,120.0,79.0,95.0,79.0,70.0,523.0,87.17
406, Budew,40.0,30.0,35.0,50.0,70.0,55.0,280.0,46.67
407, Roserade,60.0,70.0,65.0,125.0,105.0,90.0,515.0,85.83
408, Cranidos,67.0,125.0,40.0,30.0,30.0,58.0,350.0,58.33
409, Rampardos,97.0,165.0,60.0,65.0,50.0,58.0,495.0,82.5
410, Shieldon,30.0,42.0,118.0,42.0,88.0,30.0,350.0,58.33
411, Bastiodon,60.0,52.0,168.0,47.0,138.0,30.0,495.0,82.5
412, Burmy,40.0,29.0,45.0,29.0,45.0,36.0,224.0,37.33
413, Wormadam (Plant Cloak),60.0,59.0,85.0,79.0,105.0,36.0,424.0,70.67
413, Wormadam (Sandy Cloak),60.0,79.0,105.0,59.0,85.0,36.0,424.0,70.67
413, Wormadam (Trash Cloak),60.0,69.0,95.0,69.0,95.0,36.0,424.0,70.67
414, Mothim,70.0,94.0,50.0,94.0,50.0,66.0,424.0,70.67
415, Combee,30.0,30.0,42.0,30.0,42.0,70.0,244.0,40.67
416, Vespiquen,70.0,80.0,102.0,80.0,102.0,40.0,474.0,79.0
417, Pachirisu,60.0,45.0,70.0,45.0,90.0,95.0,405.0,67.5
418, Buizel,55.0,65.0,35.0,60.0,30.0,85.0,330.0,55.0
419, Floatzel,85.0,105.0,55.0,85.0,50.0,115.0,495.0,82.5
420, Cherubi,45.0,35.0,45.0,62.0,53.0,35.0,275.0,45.83
421, Cherrim,70.0,60.0,70.0,87.0,78.0,85.0,450.0,75.0
422, Shellos,76.0,48.0,48.0,57.0,62.0,34.0,325.0,54.17
423, Gastrodon,111.0,83.0,68.0,92.0,82.0,39.0,475.0,79.17
424, Ambipom,75.0,100.0,66.0,60.0,66.0,115.0,482.0,80.33
425, Drifloon,90.0,50.0,34.0,60.0,44.0,70.0,348.0,58.0
426, Drifblim,150.0,80.0,44.0,90.0,54.0,80.0,498.0,83.0
427, Buneary,55.0,66.0,44.0,44.0,56.0,85.0,350.0,58.33
428, Lopunny,65.0,76.0,84.0,54.0,96.0,105.0,480.0,80.0
428, Lopunny (Mega Lopunny),65.0,136.0,94.0,54.0,96.0,135.0,580.0,96.67
429, Mismagius,60.0,60.0,60.0,105.0,105.0,105.0,495.0,82.5
430, Honchkrow,100.0,125.0,52.0,105.0,52.0,71.0,505.0,84.17
431, Glameow,49.0,55.0,42.0,42.0,37.0,85.0,310.0,51.67
432, Purugly,71.0,82.0,64.0,64.0,59.0,112.0,452.0,75.33
433, Chingling,45.0,30.0,50.0,65.0,50.0,45.0,285.0,47.5
434, Stunky,63.0,63.0,47.0,41.0,41.0,74.0,329.0,54.83
435, Skuntank,103.0,93.0,67.0,71.0,61.0,84.0,479.0,79.83
436, Bronzor,57.0,24.0,86.0,24.0,86.0,23.0,300.0,50.0
437, Bronzong,67.0,89.0,116.0,79.0,116.0,33.0,500.0,83.33
438, Bonsly,50.0,80.0,95.0,10.0,45.0,10.0,290.0,48.33
439, Mime Jr.,20.0,25.0,45.0,70.0,90.0,60.0,310.0,51.67
440, Happiny,100.0,5.0,5.0,15.0,65.0,30.0,220.0,36.67
441, Chatot,76.0,65.0,45.0,92.0,42.0,91.0,411.0,68.5
442, Spiritomb,50.0,92.0,108.0,92.0,108.0,35.0,485.0,80.83
443, Gible,58.0,70.0,45.0,40.0,45.0,42.0,300.0,50.0
444, Gabite,68.0,90.0,65.0,50.0,55.0,82.0,410.0,68.33
445, Garchomp,108.0,130.0,95.0,80.0,85.0,102.0,600.0,100.0
445, Garchomp (Mega Garchomp),108.0,170.0,115.0,120.0,95.0,92.0,700.0,116.67
446, Munchlax,135.0,85.0,40.0,40.0,85.0,5.0,390.0,65.0
447, Riolu,40.0,70.0,40.0,35.0,40.0,60.0,285.0,47.5
448, Lucario,70.0,110.0,70.0,115.0,70.0,90.0,525.0,87.5
448, Lucario (Mega Lucario),70.0,145.0,88.0,140.0,70.0,112.0,625.0,104.17
449, Hippopotas,68.0,72.0,78.0,38.0,42.0,32.0,330.0,55.0
450, Hippowdon,108.0,112.0,118.0,68.0,72.0,47.0,525.0,87.5
451, Skorupi,40.0,50.0,90.0,30.0,55.0,65.0,330.0,55.0
452, Drapion,70.0,90.0,110.0,60.0,75.0,95.0,500.0,83.33
453, Croagunk,48.0,61.0,40.0,61.0,40.0,50.0,300.0,50.0
454, Toxicroak,83.0,106.0,65.0,86.0,65.0,85.0,490.0,81.67
455, Carnivine,74.0,100.0,72.0,90.0,72.0,46.0,454.0,75.67
456, Finneon,49.0,49.0,56.0,49.0,61.0,66.0,330.0,55.0
457, Lumineon,69.0,69.0,76.0,69.0,86.0,91.0,460.0,76.67
458, Mantyke,45.0,20.0,50.0,60.0,120.0,50.0,345.0,57.5
459, Snover,60.0,62.0,50.0,62.0,60.0,40.0,334.0,55.67
460, Abomasnow,90.0,92.0,75.0,92.0,85.0,60.0,494.0,82.33
460, Abomasnow (Mega Abomasnow),90.0,132.0,105.0,132.0,105.0,30.0,594.0,99.0
461, Weavile,70.0,120.0,65.0,45.0,85.0,125.0,510.0,85.0
462, Magnezone,70.0,70.0,115.0,130.0,90.0,60.0,535.0,89.17
463, Lickilicky,110.0,85.0,95.0,80.0,95.0,50.0,515.0,85.83
464, Rhyperior,115.0,140.0,130.0,55.0,55.0,40.0,535.0,89.17
465, Tangrowth,100.0,100.0,125.0,110.0,50.0,50.0,535.0,89.17
466, Electivire,75.0,123.0,67.0,95.0,85.0,95.0,540.0,90.0
467, Magmortar,75.0,95.0,67.0,125.0,95.0,83.0,540.0,90.0
468, Togekiss,85.0,50.0,95.0,120.0,115.0,80.0,545.0,90.83
469, Yanmega,86.0,76.0,86.0,116.0,56.0,95.0,515.0,85.83
470, Leafeon,65.0,110.0,130.0,60.0,65.0,95.0,525.0,87.5
471, Glaceon,65.0,60.0,110.0,130.0,95.0,65.0,525.0,87.5
472, Gliscor,75.0,95.0,125.0,45.0,75.0,95.0,510.0,85.0
473, Mamoswine,110.0,130.0,80.0,70.0,60.0,80.0,530.0,88.33
474, Porygon-Z,85.0,80.0,70.0,135.0,75.0,90.0,535.0,89.17
475, Gallade,68.0,125.0,65.0,65.0,115.0,80.0,518.0,86.33
475, Gallade (Mega Gallade),68.0,165.0,95.0,65.0,115.0,110.0,618.0,103.0
476, Probopass,60.0,55.0,145.0,75.0,150.0,40.0,525.0,87.5
477, Dusknoir,45.0,100.0,135.0,65.0,135.0,45.0,525.0,87.5
478, Froslass,70.0,80.0,70.0,80.0,70.0,110.0,480.0,80.0
479, Rotom,50.0,50.0,77.0,95.0,77.0,91.0,440.0,73.33
479, Rotom (Heat Rotom),50.0,65.0,107.0,105.0,107.0,86.0,520.0,86.67
479, Rotom (Wash Rotom),50.0,65.0,107.0,105.0,107.0,86.0,520.0,86.67
479, Rotom (Frost Rotom),50.0,65.0,107.0,105.0,107.0,86.0,520.0,86.67
479, Rotom (Fan Rotom),50.0,65.0,107.0,105.0,107.0,86.0,520.0,86.67
479, Rotom (Mow Rotom),50.0,65.0,107.0,105.0,107.0,86.0,520.0,86.67
480, Uxie,75.0,75.0,130.0,75.0,130.0,95.0,580.0,96.67
481, Mesprit,80.0,105.0,105.0,105.0,105.0,80.0,580.0,96.67
482, Azelf,75.0,125.0,70.0,125.0,70.0,115.0,580.0,96.67
483, Dialga,100.0,120.0,120.0,150.0,100.0,90.0,680.0,113.33
484, Palkia,90.0,120.0,100.0,150.0,120.0,100.0,680.0,113.33
485, Heatran,91.0,90.0,106.0,130.0,106.0,77.0,600.0,100.0
486, Regigigas,110.0,160.0,110.0,80.0,110.0,100.0,670.0,111.67
487, Giratina (Altered Forme),150.0,100.0,120.0,100.0,120.0,90.0,680.0,113.33
487, Giratina (Origin Forme),150.0,120.0,100.0,120.0,100.0,90.0,680.0,113.33
488, Cresselia,120.0,70.0,120.0,75.0,130.0,85.0,600.0,100.0
489, Phione,80.0,80.0,80.0,80.0,80.0,80.0,480.0,80.0
490, Manaphy,100.0,100.0,100.0,100.0,100.0,100.0,600.0,100.0
491, Darkrai,70.0,90.0,90.0,135.0,90.0,125.0,600.0,100.0
492, Shaymin (Land Forme),100.0,100.0,100.0,100.0,100.0,100.0,600.0,100.0
492, Shaymin (Sky Forme),100.0,103.0,75.0,120.0,75.0,127.0,600.0,100.0
493, Arceus,120.0,120.0,120.0,120.0,120.0,120.0,720.0,120.0
494, Victini,100.0,100.0,100.0,100.0,100.0,100.0,600.0,100.0
495, Snivy,45.0,45.0,55.0,45.0,55.0,63.0,308.0,51.33
496, Servine,60.0,60.0,75.0,60.0,75.0,83.0,413.0,68.83
497, Serperior,75.0,75.0,95.0,75.0,95.0,113.0,528.0,88.0
498, Tepig,65.0,63.0,45.0,45.0,45.0,45.0,308.0,51.33
499, Pignite,90.0,93.0,55.0,70.0,55.0,55.0,418.0,69.67
500, Emboar,110.0,123.0,65.0,100.0,65.0,65.0,528.0,88.0
501, Oshawott,55.0,55.0,45.0,63.0,45.0,45.0,308.0,51.33
502, Dewott,75.0,75.0,60.0,83.0,60.0,60.0,413.0,68.83
503, Samurott,95.0,100.0,85.0,108.0,70.0,70.0,528.0,88.0
504, Patrat,45.0,55.0,39.0,35.0,39.0,42.0,255.0,42.5
505, Watchog,60.0,85.0,69.0,60.0,69.0,77.0,420.0,70.0
506, Lillipup,45.0,60.0,45.0,25.0,45.0,55.0,275.0,45.83
507, Herdier,65.0,80.0,65.0,35.0,65.0,60.0,370.0,61.67
508, Stoutland,85.0,110.0,90.0,45.0,90.0,80.0,500.0,83.33
509, Purrloin,41.0,50.0,37.0,50.0,37.0,66.0,281.0,46.83
510, Liepard,64.0,88.0,50.0,88.0,50.0,106.0,446.0,74.33
511, Pansage,50.0,53.0,48.0,53.0,48.0,64.0,316.0,52.67
512, Simisage,75.0,98.0,63.0,98.0,63.0,101.0,498.0,83.0
513, Pansear,50.0,53.0,48.0,53.0,48.0,64.0,316.0,52.67
514, Simisear,75.0,98.0,63.0,98.0,63.0,101.0,498.0,83.0
515, Panpour,50.0,53.0,48.0,53.0,48.0,64.0,316.0,52.67
516, Simipour,75.0,98.0,63.0,98.0,63.0,101.0,498.0,83.0
517, Munna,76.0,25.0,45.0,67.0,55.0,24.0,292.0,48.67
518, Musharna,116.0,55.0,85.0,107.0,95.0,29.0,487.0,81.17
519, Pidove,50.0,55.0,50.0,36.0,30.0,43.0,264.0,44.0
520, Tranquill,62.0,77.0,62.0,50.0,42.0,65.0,358.0,59.67
521, Unfezant,80.0,115.0,80.0,65.0,55.0,93.0,488.0,81.33
522, Blitzle,45.0,60.0,32.0,50.0,32.0,76.0,295.0,49.17
523, Zebstrika,75.0,100.0,63.0,80.0,63.0,116.0,497.0,82.83
524, Roggenrola,55.0,75.0,85.0,25.0,25.0,15.0,280.0,46.67
525, Boldore,70.0,105.0,105.0,50.0,40.0,20.0,390.0,65.0
526, Gigalith,85.0,135.0,130.0,60.0,80.0,25.0,515.0,85.83
527, Woobat,65.0,45.0,43.0,55.0,43.0,72.0,323.0,53.83
528, Swoobat,67.0,57.0,55.0,77.0,55.0,114.0,425.0,70.83
529, Drilbur,60.0,85.0,40.0,30.0,45.0,68.0,328.0,54.67
530, Excadrill,110.0,135.0,60.0,50.0,65.0,88.0,508.0,84.67
531, Audino,103.0,60.0,86.0,60.0,86.0,50.0,445.0,74.17
531, Audino (Mega Audino),103.0,60.0,126.0,80.0,126.0,50.0,545.0,90.83
532, Timburr,75.0,80.0,55.0,25.0,35.0,35.0,305.0,50.83
533, Gurdurr,85.0,105.0,85.0,40.0,50.0,40.0,405.0,67.5
534, Conkeldurr,105.0,140.0,95.0,55.0,65.0,45.0,505.0,84.17
535, Tympole,50.0,50.0,40.0,50.0,40.0,64.0,294.0,49.0
536, Palpitoad,75.0,65.0,55.0,65.0,55.0,69.0,384.0,64.0
537, Seismitoad,105.0,95.0,75.0,85.0,75.0,74.0,509.0,84.83
538, Throh,120.0,100.0,85.0,30.0,85.0,45.0,465.0,77.5
539, Sawk,75.0,125.0,75.0,30.0,75.0,85.0,465.0,77.5
540, Sewaddle,45.0,53.0,70.0,40.0,60.0,42.0,310.0,51.67
541, Swadloon,55.0,63.0,90.0,50.0,80.0,42.0,380.0,63.33
542, Leavanny,75.0,103.0,80.0,70.0,80.0,92.0,500.0,83.33
543, Venipede,30.0,45.0,59.0,30.0,39.0,57.0,260.0,43.33
544, Whirlipede,40.0,55.0,99.0,40.0,79.0,47.0,360.0,60.0
545, Scolipede,60.0,100.0,89.0,55.0,69.0,112.0,485.0,80.83
546, Cottonee,40.0,27.0,60.0,37.0,50.0,66.0,280.0,46.67
547, Whimsicott,60.0,67.0,85.0,77.0,75.0,116.0,480.0,80.0
548, Petilil,45.0,35.0,50.0,70.0,50.0,30.0,280.0,46.67
549, Lilligant,70.0,60.0,75.0,110.0,75.0,90.0,480.0,80.0
550, Basculin,70.0,92.0,65.0,80.0,55.0,98.0,460.0,76.67
551, Sandile,50.0,72.0,35.0,35.0,35.0,65.0,292.0,48.67
552, Krokorok,60.0,82.0,45.0,45.0,45.0,74.0,351.0,58.5
553, Krookodile,95.0,117.0,80.0,65.0,70.0,92.0,519.0,86.5
554, Darumaka,70.0,90.0,45.0,15.0,45.0,50.0,315.0,52.5
554, Darumaka (Galarian form),70.0,90.0,45.0,15.0,45.0,50.0,315.0,52.5
555, Darmanitan (Standard Mode),105.0,140.0,55.0,30.0,55.0,95.0,480.0,80.0
555, Darmanitan (Zen Mode),105.0,30.0,105.0,140.0,105.0,55.0,540.0,90.0
555, Darmanitan (Galarian form),105.0,140.0,55.0,30.0,55.0,95.0,480.0,80.0
555," Darmanitan (Galarian form, Zen Mode)",105.0,160.0,55.0,30.0,55.0,135.0,540.0,90.0
556, Maractus,75.0,86.0,67.0,106.0,67.0,60.0,461.0,76.83
557, Dwebble,50.0,65.0,85.0,35.0,35.0,55.0,325.0,54.17
558, Crustle,70.0,105.0,125.0,65.0,75.0,45.0,485.0,80.83
559, Scraggy,50.0,75.0,70.0,35.0,70.0,48.0,348.0,58.0
560, Scrafty,65.0,90.0,115.0,45.0,115.0,58.0,488.0,81.33
561, Sigilyph,72.0,58.0,80.0,103.0,80.0,97.0,490.0,81.67
562, Yamask,38.0,30.0,85.0,55.0,65.0,30.0,303.0,50.5
562, Yamask (Galarian form),38.0,55.0,85.0,30.0,65.0,30.0,303.0,50.5
563, Cofagrigus,58.0,50.0,145.0,95.0,105.0,30.0,483.0,80.5
564, Tirtouga,54.0,78.0,103.0,53.0,45.0,22.0,355.0,59.17
565, Carracosta,74.0,108.0,133.0,83.0,65.0,32.0,495.0,82.5
566, Archen,55.0,112.0,45.0,74.0,45.0,70.0,401.0,66.83
567, Archeops,75.0,140.0,65.0,112.0,65.0,110.0,567.0,94.5
568, Trubbish,50.0,50.0,62.0,40.0,62.0,65.0,329.0,54.83
569, Garbodor,80.0,95.0,82.0,60.0,82.0,75.0,474.0,79.0
570, Zorua,40.0,65.0,40.0,80.0,40.0,65.0,330.0,55.0
571, Zoroark,60.0,105.0,60.0,120.0,60.0,105.0,510.0,85.0
572, Minccino,55.0,50.0,40.0,40.0,40.0,75.0,300.0,50.0
573, Cinccino,75.0,95.0,60.0,65.0,60.0,115.0,470.0,78.33
574, Gothita,45.0,30.0,50.0,55.0,65.0,45.0,290.0,48.33
575, Gothorita,60.0,45.0,70.0,75.0,85.0,55.0,390.0,65.0
576, Gothitelle,70.0,55.0,95.0,95.0,110.0,65.0,490.0,81.67
577, Solosis,45.0,30.0,40.0,105.0,50.0,20.0,290.0,48.33
578, Duosion,65.0,40.0,50.0,125.0,60.0,30.0,370.0,61.67
579, Reuniclus,110.0,65.0,75.0,125.0,85.0,30.0,490.0,81.67
580, Ducklett,62.0,44.0,50.0,44.0,50.0,55.0,305.0,50.83
581, Swanna,75.0,87.0,63.0,87.0,63.0,98.0,473.0,78.83
582, Vanillite,36.0,50.0,50.0,65.0,60.0,44.0,305.0,50.83
583, Vanillish,51.0,65.0,65.0,80.0,75.0,59.0,395.0,65.83
584, Vanilluxe,71.0,95.0,85.0,110.0,95.0,79.0,535.0,89.17
585, Deerling,60.0,60.0,50.0,40.0,50.0,75.0,335.0,55.83
586, Sawsbuck,80.0,100.0,70.0,60.0,70.0,95.0,475.0,79.17
587, Emolga,55.0,75.0,60.0,75.0,60.0,103.0,428.0,71.33
588, Karrablast,50.0,75.0,45.0,40.0,45.0,60.0,315.0,52.5
589, Escavalier,70.0,135.0,105.0,60.0,105.0,20.0,495.0,82.5
590, Foongus,69.0,55.0,45.0,55.0,55.0,15.0,294.0,49.0
591, Amoonguss,114.0,85.0,70.0,85.0,80.0,30.0,464.0,77.33
592, Frillish,55.0,40.0,50.0,65.0,85.0,40.0,335.0,55.83
593, Jellicent,100.0,60.0,70.0,85.0,105.0,60.0,480.0,80.0
594, Alomomola,165.0,75.0,80.0,40.0,45.0,65.0,470.0,78.33
595, Joltik,50.0,47.0,50.0,57.0,50.0,65.0,319.0,53.17
596, Galvantula,70.0,77.0,60.0,97.0,60.0,108.0,472.0,78.67
597, Ferroseed,44.0,50.0,91.0,24.0,86.0,10.0,305.0,50.83
598, Ferrothorn,74.0,94.0,131.0,54.0,116.0,20.0,489.0,81.5
599, Klink,40.0,55.0,70.0,45.0,60.0,30.0,300.0,50.0
600, Klang,60.0,80.0,95.0,70.0,85.0,50.0,440.0,73.33
601, Klinklang,60.0,100.0,115.0,70.0,85.0,90.0,520.0,86.67
602, Tynamo,35.0,55.0,40.0,45.0,40.0,60.0,275.0,45.83
603, Eelektrik,65.0,85.0,70.0,75.0,70.0,40.0,405.0,67.5
604, Eelektross,85.0,115.0,80.0,105.0,80.0,50.0,515.0,85.83
605, Elgyem,55.0,55.0,55.0,85.0,55.0,30.0,335.0,55.83
606, Beheeyem,75.0,75.0,75.0,125.0,95.0,40.0,485.0,80.83
607, Litwick,50.0,30.0,55.0,65.0,55.0,20.0,275.0,45.83
608, Lampent,60.0,40.0,60.0,95.0,60.0,55.0,370.0,61.67
609, Chandelure,60.0,55.0,90.0,145.0,90.0,80.0,520.0,86.67
610, Axew,46.0,87.0,60.0,30.0,40.0,57.0,320.0,53.33
611, Fraxure,66.0,117.0,70.0,40.0,50.0,67.0,410.0,68.33
612, Haxorus,76.0,147.0,90.0,60.0,70.0,97.0,540.0,90.0
613, Cubchoo,55.0,70.0,40.0,60.0,40.0,40.0,305.0,50.83
614, Beartic,95.0,130.0,80.0,70.0,80.0,50.0,505.0,84.17
615, Cryogonal,80.0,50.0,50.0,95.0,135.0,105.0,515.0,85.83
616, Shelmet,50.0,40.0,85.0,40.0,65.0,25.0,305.0,50.83
617, Accelgor,80.0,70.0,40.0,100.0,60.0,145.0,495.0,82.5
618, Stunfisk,109.0,66.0,84.0,81.0,99.0,32.0,471.0,78.5
618, Stunfisk (Galarian form),109.0,81.0,99.0,66.0,84.0,32.0,471.0,78.5
619, Mienfoo,45.0,85.0,50.0,55.0,50.0,65.0,350.0,58.33
620, Mienshao,65.0,125.0,60.0,95.0,60.0,105.0,510.0,85.0
621, Druddigon,77.0,120.0,90.0,60.0,90.0,48.0,485.0,80.83
622, Golett,59.0,74.0,50.0,35.0,50.0,35.0,303.0,50.5
623, Golurk,89.0,124.0,80.0,55.0,80.0,55.0,483.0,80.5
624, Pawniard,45.0,85.0,70.0,40.0,40.0,60.0,340.0,56.67
625, Bisharp,65.0,125.0,100.0,60.0,70.0,70.0,490.0,81.67
626, Bouffalant,95.0,110.0,95.0,40.0,95.0,55.0,490.0,81.67
627, Rufflet,70.0,83.0,50.0,37.0,50.0,60.0,350.0,58.33
628, Braviary,100.0,123.0,75.0,57.0,75.0,80.0,510.0,85.0
629, Vullaby,70.0,55.0,75.0,45.0,65.0,60.0,370.0,61.67
630, Mandibuzz,110.0,65.0,105.0,55.0,95.0,80.0,510.0,85.0
631, Heatmor,85.0,97.0,66.0,105.0,66.0,65.0,484.0,80.67
632, Durant,58.0,109.0,112.0,48.0,48.0,109.0,484.0,80.67
633, Deino,52.0,65.0,50.0,45.0,50.0,38.0,300.0,50.0
634, Zweilous,72.0,85.0,70.0,65.0,70.0,58.0,420.0,70.0
635, Hydreigon,92.0,105.0,90.0,125.0,90.0,98.0,600.0,100.0
636, Larvesta,55.0,85.0,55.0,50.0,55.0,60.0,360.0,60.0
637, Volcarona,85.0,60.0,65.0,135.0,105.0,100.0,550.0,91.67
638, Cobalion,91.0,90.0,129.0,90.0,72.0,108.0,580.0,96.67
639, Terrakion,91.0,129.0,90.0,72.0,90.0,108.0,580.0,96.67
640, Virizion,91.0,90.0,72.0,90.0,129.0,108.0,580.0,96.67
641, Tornadus (Incarnate Forme),79.0,115.0,70.0,125.0,80.0,111.0,580.0,96.67
641, Tornadus (Therian Forme),79.0,100.0,80.0,110.0,90.0,121.0,580.0,96.67
642, Thundurus (Incarnate Forme),79.0,115.0,70.0,125.0,80.0,111.0,580.0,96.67
642, Thundurus (Therian Forme),79.0,105.0,70.0,145.0,80.0,101.0,580.0,96.67
643, Reshiram,100.0,120.0,100.0,150.0,120.0,90.0,680.0,113.33
644, Zekrom,100.0,150.0,120.0,120.0,100.0,90.0,680.0,113.33
645, Landorus (Incarnate Forme),89.0,125.0,90.0,115.0,80.0,101.0,600.0,100.0
645, Landorus (Therian Forme),89.0,145.0,90.0,105.0,80.0,91.0,600.0,100.0
646, Kyurem (Normal Kyurem),125.0,130.0,90.0,130.0,90.0,95.0,660.0,110.0
646, Kyurem (Black Kyurem),125.0,170.0,100.0,120.0,90.0,95.0,700.0,116.67
646, Kyurem (White Kyurem),125.0,120.0,90.0,170.0,100.0,95.0,700.0,116.67
647, Keldeo,91.0,72.0,90.0,129.0,90.0,108.0,580.0,96.67
648, Meloetta (Aria Forme),100.0,77.0,77.0,128.0,128.0,90.0,600.0,100.0
648, Meloetta (Pirouette Forme),100.0,128.0,90.0,77.0,77.0,128.0,600.0,100.0
649, Genesect,71.0,120.0,95.0,120.0,95.0,99.0,600.0,100.0
650, Chespin,56.0,61.0,65.0,48.0,45.0,38.0,313.0,52.17
651, Quilladin,61.0,78.0,95.0,56.0,58.0,57.0,405.0,67.5
652, Chesnaught,88.0,107.0,122.0,74.0,75.0,64.0,530.0,88.33
653, Fennekin,40.0,45.0,40.0,62.0,60.0,60.0,307.0,51.17
654, Braixen,59.0,59.0,58.0,90.0,70.0,73.0,409.0,68.17
655, Delphox,75.0,69.0,72.0,114.0,100.0,104.0,534.0,89.0
656, Froakie,41.0,56.0,40.0,62.0,44.0,71.0,314.0,52.33
657, Frogadier,54.0,63.0,52.0,83.0,56.0,97.0,405.0,67.5
658, Greninja,72.0,95.0,67.0,103.0,71.0,122.0,530.0,88.33
658, Greninja (Ash-Greninja),72.0,145.0,67.0,153.0,71.0,132.0,640.0,106.67
659, Bunnelby,38.0,36.0,38.0,32.0,36.0,57.0,237.0,39.5
660, Diggersby,85.0,56.0,77.0,50.0,77.0,78.0,423.0,70.5
661, Fletchling,45.0,50.0,43.0,40.0,38.0,62.0,278.0,46.33
662, Fletchinder,62.0,73.0,55.0,56.0,52.0,84.0,382.0,63.67
663, Talonflame,78.0,81.0,71.0,74.0,69.0,126.0,499.0,83.17
664, Scatterbug,38.0,35.0,40.0,27.0,25.0,35.0,200.0,33.33
665, Spewpa,45.0,22.0,60.0,27.0,30.0,29.0,213.0,35.5
666, Vivillon,80.0,52.0,50.0,90.0,50.0,89.0,411.0,68.5
667, Litleo,62.0,50.0,58.0,73.0,54.0,72.0,369.0,61.5
668, Pyroar,86.0,68.0,72.0,109.0,66.0,106.0,507.0,84.5
669, Flabébé,44.0,38.0,39.0,61.0,79.0,42.0,303.0,50.5
670, Floette,54.0,45.0,47.0,75.0,98.0,52.0,371.0,61.83
671, Florges,78.0,65.0,68.0,112.0,154.0,75.0,552.0,92.0
672, Skiddo,66.0,65.0,48.0,62.0,57.0,52.0,350.0,58.33
673, Gogoat,123.0,100.0,62.0,97.0,81.0,68.0,531.0,88.5
674, Pancham,67.0,82.0,62.0,46.0,48.0,43.0,348.0,58.0
675, Pangoro,95.0,124.0,78.0,69.0,71.0,58.0,495.0,82.5
676, Furfrou,75.0,80.0,60.0,65.0,90.0,102.0,472.0,78.67
677, Espurr,62.0,48.0,54.0,63.0,60.0,68.0,355.0,59.17
678, Meowstic,74.0,48.0,76.0,83.0,81.0,104.0,466.0,77.67
679, Honedge,45.0,80.0,100.0,35.0,37.0,28.0,325.0,54.17
680, Doublade,59.0,110.0,150.0,45.0,49.0,35.0,448.0,74.67
681, Aegislash (Shield Forme),60.0,50.0,140.0,50.0,140.0,60.0,500.0,83.33
681, Aegislash (Blade Forme),60.0,140.0,50.0,140.0,50.0,60.0,500.0,83.33
682, Spritzee,78.0,52.0,60.0,63.0,65.0,23.0,341.0,56.83
683, Aromatisse,101.0,72.0,72.0,99.0,89.0,29.0,462.0,77.0
684, Swirlix,62.0,48.0,66.0,59.0,57.0,49.0,341.0,56.83
685, Slurpuff,82.0,80.0,86.0,85.0,75.0,72.0,480.0,80.0
686, Inkay,53.0,54.0,53.0,37.0,46.0,45.0,288.0,48.0
687, Malamar,86.0,92.0,88.0,68.0,75.0,73.0,482.0,80.33
688, Binacle,42.0,52.0,67.0,39.0,56.0,50.0,306.0,51.0
689, Barbaracle,72.0,105.0,115.0,54.0,86.0,68.0,500.0,83.33
690, Skrelp,50.0,60.0,60.0,60.0,60.0,30.0,320.0,53.33
691, Dragalge,65.0,75.0,90.0,97.0,123.0,44.0,494.0,82.33
692, Clauncher,50.0,53.0,62.0,58.0,63.0,44.0,330.0,55.0
693, Clawitzer,71.0,73.0,88.0,120.0,89.0,59.0,500.0,83.33
694, Helioptile,44.0,38.0,33.0,61.0,43.0,70.0,289.0,48.17
695, Heliolisk,62.0,55.0,52.0,109.0,94.0,109.0,481.0,80.17
696, Tyrunt,58.0,89.0,77.0,45.0,45.0,48.0,362.0,60.33
697, Tyrantrum,82.0,121.0,119.0,69.0,59.0,71.0,521.0,86.83
698, Amaura,77.0,59.0,50.0,67.0,63.0,46.0,362.0,60.33
699, Aurorus,123.0,77.0,72.0,99.0,92.0,58.0,521.0,86.83
700, Sylveon,95.0,65.0,65.0,110.0,130.0,60.0,525.0,87.5
701, Hawlucha,78.0,92.0,75.0,74.0,63.0,118.0,500.0,83.33
702, Dedenne,67.0,58.0,57.0,81.0,67.0,101.0,431.0,71.83
703, Carbink,50.0,50.0,150.0,50.0,150.0,50.0,500.0,83.33
704, Goomy,45.0,50.0,35.0,55.0,75.0,40.0,300.0,50.0
705, Sliggoo,68.0,75.0,53.0,83.0,113.0,60.0,452.0,75.33
706, Goodra,90.0,100.0,70.0,110.0,150.0,80.0,600.0,100.0
707, Klefki,57.0,80.0,91.0,80.0,87.0,75.0,470.0,78.33
708, Phantump,43.0,70.0,48.0,50.0,60.0,38.0,309.0,51.5
709, Trevenant,85.0,110.0,76.0,65.0,82.0,56.0,474.0,79.0
710, Pumpkaboo (Small Size),44.0,66.0,70.0,44.0,55.0,56.0,335.0,55.83
710, Pumpkaboo (Average Size),49.0,66.0,70.0,44.0,55.0,51.0,335.0,55.83
710, Pumpkaboo (Large Size),54.0,66.0,70.0,44.0,55.0,46.0,335.0,55.83
710, Pumpkaboo (Super Size),59.0,66.0,70.0,44.0,55.0,41.0,335.0,55.83
711, Gourgeist (Small Size),55.0,85.0,122.0,58.0,75.0,99.0,494.0,82.33
711, Gourgeist (Average Size),65.0,90.0,122.0,58.0,75.0,84.0,494.0,82.33
711, Gourgeist (Large Size),75.0,95.0,122.0,58.0,75.0,69.0,494.0,82.33
711, Gourgeist (Super Size),85.0,100.0,122.0,58.0,75.0,54.0,494.0,82.33
712, Bergmite,55.0,69.0,85.0,32.0,35.0,28.0,304.0,50.67
713, Avalugg,95.0,117.0,184.0,44.0,46.0,28.0,514.0,85.67
714, Noibat,40.0,30.0,35.0,45.0,40.0,55.0,245.0,40.83
715, Noivern,85.0,70.0,80.0,97.0,80.0,123.0,535.0,89.17
716, Xerneas,126.0,131.0,95.0,131.0,98.0,99.0,680.0,113.33
717, Yveltal,126.0,131.0,95.0,131.0,98.0,99.0,680.0,113.33
718, Zygarde (50% Forme),108.0,100.0,121.0,81.0,95.0,95.0,600.0,100.0
718, Zygarde (10% Forme),54.0,100.0,71.0,61.0,85.0,115.0,486.0,81.0
718, Zygarde (Complete Forme),216.0,100.0,121.0,91.0,95.0,85.0,708.0,118.0
719, Diancie,50.0,100.0,150.0,100.0,150.0,50.0,600.0,100.0
719, Diancie (Mega Diancie),50.0,160.0,110.0,160.0,110.0,110.0,700.0,116.67
720, Hoopa (Hoopa Confined),80.0,110.0,60.0,150.0,130.0,70.0,600.0,100.0
720, Hoopa (Hoopa Unbound),80.0,160.0,60.0,170.0,130.0,80.0,680.0,113.33
721, Volcanion,80.0,110.0,120.0,130.0,90.0,70.0,600.0,100.0
722, Rowlet,68.0,55.0,55.0,50.0,50.0,42.0,320.0,53.33
723, Dartrix,78.0,75.0,75.0,70.0,70.0,52.0,420.0,70.0
724, Decidueye,78.0,107.0,75.0,100.0,100.0,70.0,530.0,88.33
725, Litten,45.0,65.0,40.0,60.0,40.0,70.0,320.0,53.33
726, Torracat,65.0,85.0,50.0,80.0,50.0,90.0,420.0,70.0
727, Incineroar,95.0,115.0,90.0,80.0,90.0,60.0,530.0,88.33
728, Popplio,50.0,54.0,54.0,66.0,56.0,40.0,320.0,53.33
729, Brionne,60.0,69.0,69.0,91.0,81.0,50.0,420.0,70.0
730, Primarina,80.0,74.0,74.0,126.0,116.0,60.0,530.0,88.33
731, Pikipek,35.0,75.0,30.0,30.0,30.0,65.0,265.0,44.17
732, Trumbeak,55.0,85.0,50.0,40.0,50.0,75.0,355.0,59.17
733, Toucannon,80.0,120.0,75.0,75.0,75.0,60.0,485.0,80.83
734, Yungoos,48.0,70.0,30.0,30.0,30.0,45.0,253.0,42.17
735, Gumshoos,88.0,110.0,60.0,55.0,60.0,45.0,418.0,69.67
736, Grubbin,47.0,62.0,45.0,55.0,45.0,46.0,300.0,50.0
737, Charjabug,57.0,82.0,95.0,55.0,75.0,36.0,400.0,66.67
738, Vikavolt,77.0,70.0,90.0,145.0,75.0,43.0,500.0,83.33
739, Crabrawler,47.0,82.0,57.0,42.0,47.0,63.0,338.0,56.33
740, Crabominable,97.0,132.0,77.0,62.0,67.0,43.0,478.0,79.67
741, Oricorio,75.0,70.0,70.0,98.0,70.0,93.0,476.0,79.33
742, Cutiefly,40.0,45.0,40.0,55.0,40.0,84.0,304.0,50.67
743, Ribombee,60.0,55.0,60.0,95.0,70.0,124.0,464.0,77.33
744, Rockruff,45.0,65.0,40.0,30.0,40.0,60.0,280.0,46.67
745, Lycanroc (Midday Form),75.0,115.0,65.0,55.0,65.0,112.0,487.0,81.17
745, Lycanroc (Midnight Form),85.0,115.0,75.0,55.0,75.0,82.0,487.0,81.17
745, Lycanroc (Dusk Form),75.0,117.0,65.0,55.0,65.0,110.0,487.0,81.17
746, Wishiwashi (Solo Form),45.0,20.0,20.0,25.0,25.0,40.0,175.0,29.17
746, Wishiwashi (School Form),45.0,140.0,130.0,140.0,135.0,30.0,620.0,103.33
747, Mareanie,50.0,53.0,62.0,43.0,52.0,45.0,305.0,50.83
748, Toxapex,50.0,63.0,152.0,53.0,142.0,35.0,495.0,82.5
749, Mudbray,70.0,100.0,70.0,45.0,55.0,45.0,385.0,64.17
750, Mudsdale,100.0,125.0,100.0,55.0,85.0,35.0,500.0,83.33
751, Dewpider,38.0,40.0,52.0,40.0,72.0,27.0,269.0,44.83
752, Araquanid,68.0,70.0,92.0,50.0,132.0,42.0,454.0,75.67
753, Fomantis,40.0,55.0,35.0,50.0,35.0,35.0,250.0,41.67
754, Lurantis,70.0,105.0,90.0,80.0,90.0,45.0,480.0,80.0
755, Morelull,40.0,35.0,55.0,65.0,75.0,15.0,285.0,47.5
756, Shiinotic,60.0,45.0,80.0,90.0,100.0,30.0,405.0,67.5
757, Salandit,48.0,44.0,40.0,71.0,40.0,77.0,320.0,53.33
758, Salazzle,68.0,64.0,60.0,111.0,60.0,117.0,480.0,80.0
759, Stufful,70.0,75.0,50.0,45.0,50.0,50.0,340.0,56.67
760, Bewear,120.0,125.0,80.0,55.0,60.0,60.0,500.0,83.33
761, Bounsweet,42.0,30.0,38.0,30.0,38.0,32.0,210.0,35.0
762, Steenee,52.0,40.0,48.0,40.0,48.0,62.0,290.0,48.33
763, Tsareena,72.0,120.0,98.0,50.0,98.0,72.0,510.0,85.0
764, Comfey,51.0,52.0,90.0,82.0,110.0,100.0,485.0,80.83
765, Oranguru,90.0,60.0,80.0,90.0,110.0,60.0,490.0,81.67
766, Passimian,100.0,120.0,90.0,40.0,60.0,80.0,490.0,81.67
767, Wimpod,25.0,35.0,40.0,20.0,30.0,80.0,230.0,38.33
768, Golisopod,75.0,125.0,140.0,60.0,90.0,40.0,530.0,88.33
769, Sandygast,55.0,55.0,80.0,70.0,45.0,15.0,320.0,53.33
770, Palossand,85.0,75.0,110.0,100.0,75.0,35.0,480.0,80.0
771, Pyukumuku,55.0,60.0,130.0,30.0,130.0,5.0,410.0,68.33
772, Type: Null,95.0,95.0,95.0,95.0,95.0,59.0,534.0,89.0
773, Silvally,95.0,95.0,95.0,95.0,95.0,95.0,570.0,95.0
774, Minior (Meteor Form),60.0,60.0,100.0,60.0,100.0,60.0,440.0,73.33
774, Minior (Core Form),60.0,100.0,60.0,100.0,60.0,120.0,500.0,83.33
775, Komala,65.0,115.0,65.0,75.0,95.0,65.0,480.0,80.0
776, Turtonator,60.0,78.0,135.0,91.0,85.0,36.0,485.0,80.83
777, Togedemaru,65.0,98.0,63.0,40.0,73.0,96.0,435.0,72.5
778, Mimikyu,55.0,90.0,80.0,50.0,105.0,96.0,476.0,79.33
779, Bruxish,68.0,105.0,70.0,70.0,70.0,92.0,475.0,79.17
780, Drampa,78.0,60.0,85.0,135.0,91.0,36.0,485.0,80.83
781, Dhelmise,70.0,131.0,100.0,86.0,90.0,40.0,517.0,86.17
782, Jangmo-o,45.0,55.0,65.0,45.0,45.0,45.0,300.0,50.0
783, Hakamo-o,55.0,75.0,90.0,65.0,70.0,65.0,420.0,70.0
784, Kommo-o,75.0,110.0,125.0,100.0,105.0,85.0,600.0,100.0
785, Tapu Koko,70.0,115.0,85.0,95.0,75.0,130.0,570.0,95.0
786, Tapu Lele,70.0,85.0,75.0,130.0,115.0,95.0,570.0,95.0
787, Tapu Bulu,70.0,130.0,115.0,85.0,95.0,75.0,570.0,95.0
788, Tapu Fini,70.0,75.0,115.0,95.0,130.0,85.0,570.0,95.0
789, Cosmog,43.0,29.0,31.0,29.0,31.0,37.0,200.0,33.33
790, Cosmoem,43.0,29.0,131.0,29.0,131.0,37.0,400.0,66.67
791, Solgaleo,137.0,137.0,107.0,113.0,89.0,97.0,680.0,113.33
792, Lunala,137.0,113.0,89.0,137.0,107.0,97.0,680.0,113.33
793, Nihilego,109.0,53.0,47.0,127.0,131.0,103.0,570.0,95.0
794, Buzzwole,107.0,139.0,139.0,53.0,53.0,79.0,570.0,95.0
795, Pheromosa,71.0,137.0,37.0,137.0,37.0,151.0,570.0,95.0
796, Xurkitree,83.0,89.0,71.0,173.0,71.0,83.0,570.0,95.0
797, Celesteela,97.0,101.0,103.0,107.0,101.0,61.0,570.0,95.0
798, Kartana,59.0,181.0,131.0,59.0,31.0,109.0,570.0,95.0
799, Guzzlord,223.0,101.0,53.0,97.0,53.0,43.0,570.0,95.0
800, Necrozma,97.0,107.0,101.0,127.0,89.0,79.0,600.0,100.0
800, Necrozma (Dusk Mane),97.0,157.0,127.0,113.0,109.0,77.0,680.0,113.33
800, Necrozma (Dawn Wings),97.0,113.0,109.0,157.0,127.0,77.0,680.0,113.33
800, Necrozma (Ultra Necrozma),97.0,167.0,97.0,167.0,97.0,129.0,754.0,125.67
801, Magearna,80.0,95.0,115.0,130.0,115.0,65.0,600.0,100.0
802, Marshadow,90.0,125.0,80.0,90.0,90.0,125.0,600.0,100.0
803, Poipole,67.0,73.0,67.0,73.0,67.0,73.0,420.0,70.0
804, Naganadel,73.0,73.0,73.0,127.0,73.0,121.0,540.0,90.0
805, Stakataka,61.0,131.0,211.0,53.0,101.0,13.0,570.0,95.0
806, Blacephalon,53.0,127.0,53.0,151.0,79.0,107.0,570.0,95.0
807, Zeraora,88.0,112.0,75.0,102.0,80.0,143.0,600.0,100.0
808, Meltan,46.0,65.0,65.0,55.0,35.0,34.0,300.0,50.0
809, Melmetal,135.0,143.0,143.0,80.0,65.0,34.0,600.0,100.0
810, Grookey,50.0,65.0,50.0,40.0,40.0,65.0,310.0,51.67
811, Thwackey,70.0,85.0,70.0,55.0,60.0,80.0,420.0,70.0
812, Rillaboom,100.0,125.0,90.0,60.0,70.0,85.0,530.0,88.33
813, Scorbunny,50.0,71.0,40.0,40.0,40.0,69.0,310.0,51.67
814, Raboot,65.0,86.0,60.0,55.0,60.0,94.0,420.0,70.0
815, Cinderace,80.0,116.0,75.0,65.0,75.0,119.0,530.0,88.33
816, Sobble,50.0,40.0,40.0,70.0,40.0,70.0,310.0,51.67
817, Drizzile,65.0,60.0,55.0,95.0,55.0,90.0,420.0,70.0
818, Inteleon,70.0,85.0,65.0,125.0,65.0,120.0,530.0,88.33
819, Skwovet,70.0,55.0,55.0,35.0,35.0,25.0,275.0,45.83
820, Greedent,120.0,95.0,95.0,55.0,75.0,20.0,460.0,76.67
821, Rookidee,38.0,47.0,35.0,33.0,35.0,57.0,245.0,40.83
822, Corvisquire,68.0,67.0,55.0,43.0,55.0,77.0,365.0,60.83
823, Corviknight,98.0,87.0,105.0,53.0,85.0,67.0,495.0,82.5
824, Blipbug,25.0,20.0,20.0,25.0,45.0,45.0,180.0,30.0
825, Dottler,50.0,35.0,80.0,50.0,90.0,30.0,335.0,55.83
826, Orbeetle,60.0,45.0,110.0,80.0,120.0,90.0,505.0,84.17
827, Nickit,40.0,28.0,28.0,47.0,52.0,50.0,245.0,40.83
828, Thievul,70.0,58.0,58.0,87.0,92.0,90.0,455.0,75.83
829, Gossifleur,40.0,40.0,60.0,40.0,60.0,10.0,250.0,41.67
830, Eldegoss,60.0,50.0,90.0,80.0,120.0,60.0,460.0,76.67
831, Wooloo,42.0,40.0,55.0,40.0,45.0,48.0,270.0,45.0
832, Dubwool,72.0,80.0,100.0,60.0,90.0,88.0,490.0,81.67
833, Chewtle,50.0,64.0,50.0,38.0,38.0,44.0,284.0,47.33
834, Drednaw,90.0,115.0,90.0,48.0,68.0,74.0,485.0,80.83
835, Yamper,59.0,45.0,50.0,40.0,50.0,26.0,270.0,45.0
836, Boltund,69.0,90.0,60.0,90.0,60.0,121.0,490.0,81.67
837, Rolycoly,30.0,40.0,50.0,40.0,50.0,30.0,240.0,40.0
838, Carkol,80.0,60.0,90.0,60.0,70.0,50.0,410.0,68.33
839, Coalossal,110.0,80.0,120.0,80.0,90.0,30.0,510.0,85.0
840, Applin,40.0,40.0,80.0,40.0,40.0,20.0,260.0,43.33
841, Flapple,70.0,110.0,80.0,95.0,60.0,70.0,485.0,80.83
842, Appletun,110.0,85.0,80.0,100.0,80.0,30.0,485.0,80.83
843, Silicobra,52.0,57.0,75.0,35.0,50.0,46.0,315.0,52.5
844, Sandaconda,72.0,107.0,125.0,65.0,70.0,71.0,510.0,85.0
845, Cramorant,70.0,85.0,55.0,85.0,95.0,85.0,475.0,79.17
846, Arrokuda,41.0,63.0,40.0,40.0,30.0,66.0,280.0,46.67
847, Barraskewda,61.0,123.0,60.0,60.0,50.0,136.0,490.0,81.67
848, Toxel,40.0,38.0,35.0,54.0,35.0,40.0,242.0,40.33
849, Toxtricity (Amped Form),75.0,98.0,70.0,114.0,70.0,75.0,502.0,83.67
849, Toxtricity (Low Key Form),75.0,98.0,70.0,114.0,70.0,75.0,502.0,83.67
850, Sizzlipede,50.0,65.0,45.0,50.0,50.0,45.0,305.0,50.83
851, Centiskorch,100.0,115.0,65.0,90.0,90.0,65.0,525.0,87.5
852, Clobbopus,50.0,68.0,60.0,50.0,50.0,32.0,310.0,51.67
853, Grapploct,80.0,118.0,90.0,70.0,80.0,42.0,480.0,80.0
854, Sinistea,40.0,45.0,45.0,74.0,54.0,50.0,308.0,51.33
855, Polteageist,60.0,65.0,65.0,134.0,114.0,70.0,508.0,84.67
856, Hatenna,42.0,30.0,45.0,56.0,53.0,39.0,265.0,44.17
857, Hattrem,57.0,40.0,65.0,86.0,73.0,49.0,370.0,61.67
858, Hatterene,57.0,90.0,95.0,136.0,103.0,29.0,510.0,85.0
859, Impidimp,45.0,45.0,30.0,55.0,40.0,50.0,265.0,44.17
860, Morgrem,65.0,60.0,45.0,75.0,55.0,70.0,370.0,61.67
861, Grimmsnarl,95.0,120.0,65.0,95.0,75.0,60.0,510.0,85.0
862, Obstagoon,93.0,90.0,101.0,60.0,81.0,95.0,520.0,86.67
863, Perrserker,70.0,110.0,100.0,50.0,60.0,50.0,440.0,73.33
864, Cursola,60.0,95.0,50.0,145.0,130.0,30.0,510.0,85.0
865, Sirfetch'd,62.0,135.0,95.0,68.0,82.0,65.0,507.0,84.5
866, Mr. Rime,80.0,85.0,75.0,110.0,100.0,70.0,520.0,86.67
867, Runerigus,58.0,95.0,145.0,50.0,105.0,30.0,483.0,80.5
868, Milcery,45.0,40.0,40.0,50.0,61.0,34.0,270.0,45.0
869, Alcremie,65.0,60.0,75.0,110.0,121.0,64.0,495.0,82.5
870, Falinks,65.0,100.0,100.0,70.0,60.0,75.0,470.0,78.33
871, Pincurchin,48.0,101.0,95.0,91.0,85.0,15.0,435.0,72.5
872, Snom,30.0,25.0,35.0,45.0,30.0,20.0,185.0,30.83
873, Frosmoth,70.0,65.0,60.0,125.0,90.0,65.0,475.0,79.17
874, Stonjourner,100.0,125.0,135.0,20.0,20.0,70.0,470.0,78.33
875, Eiscue (Ice Face),75.0,80.0,110.0,65.0,90.0,50.0,470.0,78.33
875, Eiscue (Noice Face),75.0,80.0,70.0,65.0,50.0,130.0,470.0,78.33
876, Indeedee (Male),60.0,65.0,55.0,105.0,95.0,95.0,475.0,79.17
876, Indeedee (Female),70.0,55.0,65.0,95.0,105.0,85.0,475.0,79.17
877, Morpeko,58.0,95.0,58.0,70.0,58.0,97.0,436.0,72.67
878, Cufant,72.0,80.0,49.0,40.0,49.0,40.0,330.0,55.0
879, Copperajah,122.0,130.0,69.0,80.0,69.0,30.0,500.0,83.33
880, Dracozolt,90.0,100.0,90.0,80.0,70.0,75.0,505.0,84.17
881, Arctozolt,90.0,100.0,90.0,90.0,80.0,55.0,505.0,84.17
882, Dracovish,90.0,90.0,100.0,70.0,80.0,75.0,505.0,84.17
883, Arctovish,90.0,90.0,100.0,80.0,90.0,55.0,505.0,84.17
884, Duraludon,70.0,95.0,115.0,120.0,50.0,85.0,535.0,89.17
885, Dreepy,28.0,60.0,30.0,40.0,30.0,82.0,270.0,45.0
886, Drakloak,68.0,80.0,50.0,60.0,50.0,102.0,410.0,68.33
887, Dragapult,88.0,120.0,75.0,100.0,75.0,142.0,600.0,100.0
888, Zacian (Hero of Many Battles),92.0,130.0,115.0,80.0,115.0,138.0,670.0,111.67
888, Zacian (Crowned Sword),92.0,170.0,115.0,80.0,115.0,148.0,720.0,120.0
889, Zamazenta (Hero of Many Battles),92.0,130.0,115.0,80.0,115.0,138.0,670.0,111.67
889, Zamazenta (Crowned Shield),92.0,130.0,145.0,80.0,145.0,128.0,720.0,120.0
890, Eternatus,140.0,85.0,95.0,145.0,95.0,130.0,690.0,115.0
890, Eternatus (Eternamax),255.0,115.0,250.0,125.0,250.0,130.0,1125.0,187.5
